as_of_date,symbol,company,sector,ticker,market_cap,current_price,foundation_score,turnaround_score,turnaround_stage,quality_score,earnings_score,cashflow_score,momentum_score,revenue_growth_pct,net_income_growth_pct,ebitda_margin_pct,earnings_inflection,margin_inflection,debt_repair,cfo_growth_pct,cfo_inflection,fcf_inflection,momentum_60d_pct,roce_proxy,debt_equity,cfo_pat,data_completeness_pct,valuation_group,valuation_method,primary_multiple,roe,roce_for_valuation,fcf_yield_pct,valuation_growth_pct,valuation_leverage,valuation_applicable_metrics,valuation_available_metrics,valuation_data_quality_pct,valuation_data_status,valuation_warning,valuation_disconnect,valuation_data_confidence_pct,pe_proxy,price_to_cfo_proxy,price_to_fcf_proxy,net_income,equity,ebitda,net_debt,fcf,scenario_group,scenario_method,scenario_anchor_multiple,scenario_growth_used_pct,bear_value,base_value,bull_value,bear_return_pct,base_return_pct,bull_return_pct,scenario_confidence,scenario_reward_risk,sector_recovery_score,sector_stage,opportunity_score_pre_regime,market_regime_score,opportunity_score,survival_score,scenario_risk_reward_score,risk_score,investment_decision,position_bias,risk_flags,decision_rationale,research_priority,next_confirmation,thesis_invalidation
2026-09-05,ICICIBANK,ICICI Bank,Financials,ICICIBANK.NS,10214680035328.0,1423.2,67.35,86.4,CONFIRMING,49.4,57.8,87.19999999999999,80.0,9.130659855140056,6.228801510304027,,67138603999.999985,,319247157800.00024,-45.17708778368905,353344884200.0003,350478546000.00024,8.104719448096187,,0.571853421694851,1.2419898911488276,83.33333333333334,Financials,P/B,2.8134931800905774,0.1493076646637024,,,,,"primary_multiple, roe","primary_multiple, roe",100.0,COMPLETE,,88.28571428571428,100.0,,,,542077028000.0,3630604157000.0,,-826316054000.0,635954240000.0,Financials,P/B,2.293076646637024,6.228801510304027,869.9612389113951,1159.9483185485267,1449.9353981856584,-38.872875287282525,-18.497167049710043,1.878541187862453,Research scenario — not intrinsic value,-0.4758373779405377,50.55555555555555,WATCH,78.44869047619049,37.16849330773499,75.14627470271407,84.9135540828636,39.73263106326635,65.6665613544751,PROMISING — WATCH / CONFIRM,WATCHLIST,BEAR DOWNSIDE >30%,"The opportunity is promising, but evidence is not yet strong enough for a higher-conviction decision.",HIGH,Reassess entry valuation and downside protection,the expected fundamental improvement reverses
2026-09-05,RELIANCE,Reliance Industries,Energy,RELIANCE.NS,17889929199616.0,1322.0,66.88310868533459,86.45201708590413,CONFIRMING,51.158139534883716,62.04186046511628,96.4,54.0,9.59123783421254,15.976050999310809,19.381604000684817,56237999999.99994,0.9362313018394967,201385999999.99988,7.504071000486845,268493999999.99976,314950000000.0,1.1476664116296886,19.994379489821608,0.44025087663020035,2.3783720210461157,100.0,Utilities,EV/EBITDA,9.320278176147111,,,3.867930343820773,,0.13361061026735838,"primary_multiple, fcf_yield, leverage","primary_multiple, fcf_yield, leverage",100.0,COMPLETE,,80.6860465116279,100.0,,,25.853619665037503,807750000000.0,9040300000000.0,2049060000000.0,1207880000000.0,691970000000.0,Utilities,EV/EBITDA,9.320278176147111,15.976050999310809,1148.0341023584417,1457.3571008308497,1766.6800993032573,-13.159296342024078,10.238812468294228,33.636921278612505,Research scenario — not intrinsic value,0.778066866356424,38.611111111111114,WEAK,75.47564934345831,37.16849330773499,72.41107686060046,92.66248538949667,60.38509152803394,70.74992755489971,PROMISING — WATCH / CONFIRM,WATCHLIST,NONE,"The opportunity is promising, but evidence is not yet strong enough for a higher-conviction decision.",HIGH,Revalidate the thesis at the next quarterly results,the expected fundamental improvement reverses
2026-09-05,BHARTIARTL,Bharti Airtel,Telecom,BHARTIARTL.NS,11479130570752.0,1840.0,70.72017085904129,75.45984812529662,EARLY,61.75581395348837,67.46976744186047,96.9,56.00000000000001,21.96002895045357,-20.44605898778463,54.85356406133871,21218999999.99997,-0.05583647628248478,189512799999.99994,24.30272077712081,188752000000.00024,107306000000.00006,1.1925297628937903,39.32648950742872,1.3109899192655676,4.578710779465972,100.0,General,P/E,43.00072886043933,,,6.578494733077417,,,"primary_multiple, fcf_yield","primary_multiple, fcf_yield",100.0,COMPLETE,,53.348837209302324,100.0,43.00072886043933,,15.201045840652371,266952000000.0,1490566000000.0,1157261000000.0,1452135000000.0,755154000000.0,General,P/E,43.00072886043933,-10.0,1242.0000000000005,1656.0000000000005,2070.0000000000005,-32.49999999999997,-9.999999999999972,12.500000000000028,Research scenario — not intrinsic value,-0.3076923076923071,78.61111111111111,RECOVERING,71.90493434583135,37.16849330773499,69.12601906278366,78.15016801224054,43.875000000000014,62.74368739042157,PROMISING — WATCH / CONFIRM,WATCHLIST,HIGH DEBT/EQUITY | BEAR DOWNSIDE >30%,"The opportunity is promising, but evidence is not yet strong enough for a higher-conviction decision.",HIGH,Confirm revenue/earnings and margin improvement across the next reported periods | Confirm debt reduction and improving interest coverage | Reassess entry valuation and downside protection,leverage fails to improve
2026-09-05,HEROMOTOCO,Hero MotoCorp,Auto,HEROMOTOCO.NS,1060748328960.0,5300.0,70.37059088751779,67.92102515424774,EARLY,82.36046511627907,59.88139534883721,62.5,76.0,15.562574424353425,31.1352341451828,17.787728761813103,10459779999.999996,1.3796077050357853,30439179999.999992,93.48069409571858,24054480000.00001,22208159999.999992,7.045364891518746,88.57293145071245,0.03602809470464144,1.4481036203374245,100.0,Manufacturing,EV/EBITDA,11.221647551632007,,88.57293145071245,6.801349389891007,,,"primary_multiple, roce, fcf_yield","primary_multiple, roce, fcf_yield",100.0,COMPLETE,,81.5173126614987,100.0,,,14.70296470118594,57417300000.0,216111900000.0,83688400000.0,-121626600000.0,72145200000.0,Manufacturing,EV/EBITDA,11.221647551632007,25.0,4945.734444167152,6030.242060512344,7114.749676857536,-6.684255770431093,13.778152085138572,34.24055994070824,Research scenario — not intrinsic value,2.0612843910145537,76.94444444444444,RECOVERING,71.6814160338554,37.16849330773499,68.92038221576577,99.39953175492265,72.00249063960231,80.15653682856104,PROMISING — WATCH / CONFIRM,WATCHLIST,NONE,"The opportunity is promising, but evidence is not yet strong enough for a higher-conviction decision.",HIGH,Confirm revenue/earnings and margin improvement across the next reported periods,the expected fundamental improvement reverses
2026-09-05,ONGC,Oil & Natural Gas Corporation,Energy,ONGC.NS,2951962427392.0,234.65,59.69772187944945,77.40280018984338,EARLY,56.044186046511626,45.776744186046514,93.0,34.0,-0.6037340351736975,14.351054776890937,19.100105327407267,44696798000.00007,3.3458670598981763,67217908000.00015,24.06426769157499,122610959999.99991,117480957999.99997,-3.2840118977224497,22.68278404095411,0.4688387088505071,2.7210868468719704,100.0,Utilities,EV/EBITDA,3.74629459573112,,,19.894853150920955,,0.3709493852204169,"primary_multiple, fcf_yield, leverage","primary_multiple, fcf_yield, leverage",100.0,COMPLETE,,90.99999999999999,100.0,,,5.026425640913609,414243820000.0,3717677950000.0,1156084410000.0,1379070350000.0,587288590000.0,Utilities,EV/EBITDA,3.74629459573112,14.351054776890937,164.13289122618752,232.5715151503727,301.01013907455786,-30.05203868476987,-0.8857808862677672,28.28047691223432,Research scenario — not intrinsic value,-0.0294749017049773,38.611111111111114,WEAK,70.96786505299794,37.16849330773499,68.26391531337691,92.1860215191582,46.782485760920295,67.67562195439281,PROMISING — WATCH / CONFIRM,WATCHLIST,BEAR DOWNSIDE >30%,"The opportunity is promising, but evidence is not yet strong enough for a higher-conviction decision.",HIGH,Confirm revenue/earnings and margin improvement across the next reported periods | Reassess entry valuation and downside protection,the expected fundamental improvement reverses
2026-09-05,MARUTI,Maruti Suzuki India,Auto,MARUTI.NS,3991026008064.0,12694.0,56.732078785002365,72.81381110583769,EARLY,64.57674418604651,55.5906976744186,70.4,14.000000000000002,20.089361396256567,1.2365346684873213,14.737306324716634,23639200000.000023,0.3362945826149444,52559400000.0,18.04635352286774,34383399999.99999,27894400000.0,-7.124329082522141,29.02009142270045,0.0009565466519467357,1.3011274225961376,100.0,Manufacturing,EV/EBITDA,14.632041994352253,,29.02009142270045,2.18046687303383,,,"primary_multiple, roce, fcf_yield","primary_multiple, roce, fcf_yield",100.0,COMPLETE,,60.02480620155038,100.0,,,45.861737794192344,146795000000.0,1071563000000.0,260989000000.0,-172224000000.0,87023000000.0,Manufacturing,EV/EBITDA,14.632041994352253,1.2365346684873213,12208.151272455581,15123.243637722093,18038.33600298861,-3.8273887470018764,19.13694373500941,42.10127621702071,Research scenario — not intrinsic value,5.000000000000007,76.94444444444444,RECOVERING,69.1027955228603,37.16849330773499,66.54805134565028,99.9840575558009,80.46622627892646,77.17817569428598,PROMISING — WATCH / CONFIRM,WATCHLIST,NONE,"The opportunity is promising, but evidence is not yet strong enough for a higher-conviction decision.",HIGH,Confirm revenue/earnings and margin improvement across the next reported periods,the expected fundamental improvement reverses
2026-09-05,SBIN,State Bank of India,Financials,SBIN.NS,9379230253056.0,1016.1,53.17306122448979,73.43061224489796,EARLY,31.8,61.4,73.2,42.0,9.208470724271557,7.397300658448813,,89649096400.00018,,-221675271600.0,-16.24003430515577,448741123200.0,434388012200.00024,-0.4652985368661655,,1.2193500751464357,0.4573583058760292,83.33333333333334,Financials,P/B,1.5733508755378,0.1397323753487878,,,,,"primary_multiple, roe","primary_multiple, roe",100.0,COMPLETE,,86.17142857142856,100.0,,,,832987824000.0,5961308694000.0,,597787456000.0,297344318000.0,Financials,P/B,2.1973237534878782,7.397300658448813,1064.3051880381681,1419.0735840508908,1773.8419800636136,4.744138179132776,39.65885090551035,74.57356363188796,Research scenario — not intrinsic value,,50.55555555555555,WATCH,68.87184353741496,37.16849330773499,66.33557551904057,65.07791495660435,76.42324145373983,66.44483854074632,PROMISING — WATCH / CONFIRM,WATCHLIST,HIGH DEBT/EQUITY | WEAK CFO/PAT,"The opportunity is promising, but evidence is not yet strong enough for a higher-conviction decision.",HIGH,Confirm revenue/earnings and margin improvement across the next reported periods | Confirm operating cash flow catches up with reported profit | Confirm debt reduction and improving interest coverage,cash conversion remains weak or leverage fails to improve
2026-09-05,KOTAKBANK,Kotak Mahindra Bank,Financials,KOTAKBANK.NS,4222780178432.0,424.5,60.499489795918365,68.84489795918368,EARLY,59.5,30.9,87.7,70.0,-0.2578522041206788,-12.82698142894313,,9625968600.000027,,49799517799.999985,146.67280099538104,169414297999.99994,169301798800.00006,4.801697860895082,,0.5263792141059039,2.163352600601647,83.33333333333334,Financials,P/B,2.3301199533272596,0.1064301272451493,,,,,"primary_multiple, roe","primary_multiple, roe",100.0,COMPLETE,,72.34285714285714,100.0,,,,192878925000.0,1812258709000.0,,-80893121000.0,406685443000.0,Financials,P/B,1.8643012724514931,-10.0,254.72805242030464,339.63740322707287,424.5467540338411,-39.993391655994195,-19.99118887465893,0.011013906676353713,Research scenario — not intrinsic value,-0.4998623034178863,50.55555555555555,WATCH,65.37437925170069,37.16849330773499,63.117908376183436,85.67145754267938,39.00429542360377,62.29284338046339,WATCH — NEED MORE EVIDENCE,WATCHLIST,BEAR DOWNSIDE >30%,"Interesting signals exist, but the current evidence does not provide enough edge for capital deployment.",MEDIUM,Confirm revenue/earnings and margin improvement across the next reported periods | Reassess entry valuation and downside protection,the expected fundamental improvement reverses
2026-09-05,JSWSTEEL,JSW Steel,Metals,JSWSTEEL.NS,3234295971840.0,1325.0,58.75310156620788,71.36938775510204,EARLY,39.730232558139534,77.98837209302326,53.0,64.0,9.28230526789735,536.8721461187215,25.901877090921076,83303999999.99998,6.3319583685157985,72617999999.99988,20.350255993109712,-10325999999.999989,-16020000000.000008,2.785241022697238,27.81884797602261,1.1901592156157237,1.1270837067574835,100.0,Cyclicals,P/E (normalized needed),14.493170692955728,,,3.2458377623454355,536.8721461187215,,"primary_multiple, fcf_yield, growth","primary_multiple, fcf_yield, growth",100.0,COMPLETE,Cyclical earnings require normalization | Extreme growth rate; likely base-effect distortion,71.29958960328318,100.0,14.493170692955728,,30.808687100781096,223160000000.0,1000530000000.0,471510000000.0,694400000000.0,104980000000.0,Cyclicals,P/E,14.493170692955728,25.0,1159.3749999999998,1656.25,2153.125,-12.500000000000028,25.0,62.5,Research scenario — not intrinsic value,1.9999999999999956,43.611111111111114,WEAK,65.30273360739645,37.16849330773499,63.05199438342353,80.16401307307127,72.08333333333329,67.79747670717623,WATCH — NEED MORE EVIDENCE,WATCHLIST,HIGH DEBT/EQUITY | Cyclical earnings require normalization | Extreme growth rate; likely base-effect distortion,"Interesting signals exist, but the current evidence does not provide enough edge for capital deployment.",MEDIUM,Confirm revenue/earnings and margin improvement across the next reported periods | Confirm debt reduction and improving interest coverage,leverage fails to improve or normalized earnings deteriorate
2026-09-05,M&M,Mahindra & Mahindra,Auto,M&M.NS,3806416338944.0,3170.0,53.334292833412434,67.76502135738016,EARLY,25.190697674418605,78.00232558139535,52.5,60.0,24.062852925941968,32.25089140002011,21.351039718443413,23948479999.99997,0.24387461715749026,-62942420000.000046,267.06729936614596,57313999999.999985,45002400000.0,2.2011188794675896,23.462681610135448,1.4389731713434522,0.6817628086099358,100.0,Manufacturing,EV/EBITDA,11.236530866193757,,23.462681610135448,0.539066097159843,,,"primary_multiple, roce, fcf_yield","primary_multiple, roce, fcf_yield",100.0,COMPLETE,,53.03049095607235,100.0,,,185.50600849666895,170988500000.0,930963500000.0,412284200000.0,826227800000.0,20519100000.0,Manufacturing,EV/EBITDA,11.236530866193757,25.0,3015.6765565006312,3941.6172174968447,4867.5578784930585,-4.868247429002167,24.341237145010865,53.550721719023926,Research scenario — not intrinsic value,5.000000000000006,76.94444444444444,RECOVERING,64.76714598164847,37.16849330773499,62.55925376773539,70.71316062110806,81.27289175747669,67.0397578039555,WATCH — NEED MORE EVIDENCE,WATCHLIST,HIGH DEBT/EQUITY | WEAK CFO/PAT,"Interesting signals exist, but the current evidence does not provide enough edge for capital deployment.",MEDIUM,Confirm revenue/earnings and margin improvement across the next reported periods | Confirm operating cash flow catches up with reported profit | Confirm debt reduction and improving interest coverage,cash conversion remains weak or leverage fails to improve
2026-09-05,HDFCBANK,HDFC Bank,Financials,HDFCBANK.NS,10976350961664.0,712.1,57.27061224489796,67.90612244897959,EARLY,52.9,51.4,92.30000000000001,22.0,4.733207584666732,4.6450949453778145,,73568260000.00003,,-994796720000.001,-6.444996534844671,221884720000.0,220731260000.00012,-6.878786700903294,,0.8134343829261803,1.5870748789645306,83.33333333333334,Financials,P/B,1.3439230201686325,0.0862935303390961,,,,,"primary_multiple, roe","primary_multiple, roe",100.0,COMPLETE,,70.22857142857143,100.0,,,,704793400000.0,8167395600000.0,,2992966500000.0,1065776300000.0,Financials,P/B,1.6629353033909613,4.6450949453778145,660.8504794025232,881.1339725366977,1101.4174656708722,-7.196955567683872,23.737392576421513,54.67174072052691,Research scenario — not intrinsic value,3.2982547068941668,50.55555555555555,WATCH,64.05657823129252,37.16849330773499,61.905531437407916,80.8872047290081,80.32197888100549,70.38551391091652,WATCH — NEED MORE EVIDENCE,WATCHLIST,NONE,"Interesting signals exist, but the current evidence does not provide enough edge for capital deployment.",MEDIUM,Confirm revenue/earnings and margin improvement across the next reported periods,the expected fundamental improvement reverses
2026-09-05,TCS,Tata Consultancy Services,IT,TCS.NS,8336073293824.0,2304.0,66.947470336972,61.64447081158045,WATCH,70.80697674418604,49.68372093023256,77.1,78.0,4.581237956478823,1.3531604638230332,27.066785009418737,22962000000.00007,-0.26345962963720143,-22296000000.000076,6.514271693792417,31376000000.000076,29718000000.000023,7.152302270558097,93.6798444588464,0.10521260723610593,1.0586059743954481,100.0,IT,P/E,16.93979535424507,,,5.75186881280465,,,"primary_multiple, fcf_yield","primary_multiple, fcf_yield",100.0,COMPLETE,,69.07250341997265,100.0,16.93979535424507,,17.385653820438808,492100000000.0,1072400000000.0,722740000000.0,-300900000000.0,479480000000.0,IT,P/E,16.93979535424507,1.3531604638230332,1751.382612814862,2335.1768170864825,2918.971021358103,-23.985129652132727,1.3531604638230306,26.691450579778774,Research scenario — not intrinsic value,0.056416641621226726,54.166666666666664,WATCH,62.432455009910946,37.16849330773499,60.41133807373687,98.2464565460649,49.78577667025524,69.5984685269784,WATCH — NEED MORE EVIDENCE,WATCHLIST,TURNAROUND NOT YET CONFIRMED,"Interesting signals exist, but the current evidence does not provide enough edge for capital deployment.",MEDIUM,Confirm revenue/earnings and margin improvement across the next reported periods,earnings/margins fail to improve
2026-09-05,EICHERMOT,Eicher Motors,Auto,EICHERMOT.NS,2094737784832.0,7630.5,59.44229710488846,59.65087802562885,WATCH,60.7953488372093,75.27441860465116,43.1,52.0,23.947080111833884,16.491707572595704,34.87731731423297,8938300000.000004,1.627011738211622,14369079999.999992,20.72704978994553,7416300000.000006,5486859999.999997,1.1267021040948677,41.024963717758716,0.02047597325115587,0.8711948549743166,100.0,Manufacturing,EV/EBITDA,25.444097360505918,,41.024963717758716,1.6849746185693002,,,"primary_multiple, roce, fcf_yield","primary_multiple, roce, fcf_yield",100.0,COMPLETE,,53.10077519379844,100.0,,,59.34807497866602,55152300000.0,251001500000.0,80139600000.0,-55658000000.0,35295800000.0,Manufacturing,EV/EBITDA,25.444097360505918,16.491707572595704,7333.389814451723,9116.050927741386,10898.71204103105,-3.8937184397913143,19.468592198956628,42.8309028377046,Research scenario — not intrinsic value,5.000000000000014,76.94444444444444,RECOVERING,61.23111042556557,37.16849330773499,59.30610105613912,97.51198136205268,80.51763179083828,75.81733231095961,WATCH — NEED MORE EVIDENCE,WATCHLIST,TURNAROUND NOT YET CONFIRMED,"Interesting signals exist, but the current evidence does not provide enough edge for capital deployment.",MEDIUM,Confirm revenue/earnings and margin improvement across the next reported periods,earnings/margins fail to improve
2026-09-05,HAL,Hindustan Aeronautics,Defence,HAL.NS,3247571206144.0,4856.0,56.303132415757,62.380161366872336,WATCH,41.146511627906975,58.004651162790694,48.6,90.0,5.6039441030616866,8.98443711420076,42.54233961400037,11665280000.000015,3.600256155900695,80037120000.0,-20.061480005804977,-2534640000.0000076,-5602859999.999985,13.563144889075662,-262.9425568026067,0.00026729290038868334,1.1964522357277634,100.0,General,P/E,35.62652163482382,,,2.573378524907833,,,"primary_multiple, fcf_yield","primary_multiple, fcf_yield",100.0,COMPLETE,,51.906976744186046,100.0,35.62652163482382,,38.859421197502044,91156000000.0,410411200000.0,135249500000.0,-461848100000.0,83572300000.0,General,P/E,35.62652163482382,8.98443711420076,3969.213199699191,5292.2842662655885,6615.355332831985,-18.261672164349434,8.984437114200759,36.23054639275091,Research scenario — not intrinsic value,0.4919832660089168,71.1111111111111,RECOVERING,61.20727179243791,37.16849330773499,59.28416951366167,99.99554511832685,56.40980153323231,69.30216606929545,WATCH — NEED MORE EVIDENCE,WATCHLIST,TURNAROUND NOT YET CONFIRMED,"Interesting signals exist, but the current evidence does not provide enough edge for capital deployment.",MEDIUM,Confirm revenue/earnings and margin improvement across the next reported periods,earnings/margins fail to improve
2026-09-05,BAJAJ-AUTO,Bajaj Auto,Auto,BAJAJ-AUTO.NS,3275387043840.0,11919.0,57.96432368296155,59.72695775984812,WATCH,35.02325581395349,82.4186046511628,30.9,98.0,22.569856668618616,46.68404159607249,26.10492125465937,19503019999.999992,1.515405927658377,-57824459999.999985,-284.7364414436848,5190920000.0,7044439999.999992,19.873277682791922,31.290937797375296,0.5830205971931904,0.24167435297709186,100.0,Manufacturing,EV/EBITDA,21.510316616203042,,31.290937797375296,0.5722316095512885,,,"primary_multiple, roce, fcf_yield","primary_multiple, roce, fcf_yield",100.0,COMPLETE,,47.14005167958657,100.0,,,174.75441470004483,107442100000.0,388319900000.0,157638300000.0,115462700000.0,18742800000.0,Manufacturing,EV/EBITDA,21.510316616203042,25.0,11425.433437564721,14386.832812176392,17348.232186788064,-4.141006480705428,20.705032403527085,45.551071287759584,Research scenario — not intrinsic value,4.999999999999987,76.94444444444444,RECOVERING,60.15714973896535,37.16849330773499,58.318057224466926,77.64422926306501,80.7092800225467,68.78911419876958,WATCH — NEED MORE EVIDENCE,WATCHLIST,WEAK CFO/PAT | TURNAROUND NOT YET CONFIRMED,"Interesting signals exist, but the current evidence does not provide enough edge for capital deployment.",MEDIUM,Confirm revenue/earnings and margin improvement across the next reported periods | Confirm operating cash flow catches up with reported profit,cash conversion remains weak or earnings/margins fail to improve
2026-09-05,ULTRACEMCO,UltraTech Cement,Cement,ULTRACEMCO.NS,3355887271936.0,11408.0,60.342176079734216,61.30897009966778,WATCH,48.265116279069765,68.60697674418606,69.39999999999999,57.99999999999999,16.61016768208261,35.21263894845432,19.892423651507745,14338500000.0,1.216925697645753,-28879240000.0,43.495202573118476,25437620000.000008,11774459999.999994,1.5249965649315689,18.26972626888923,0.31002339489926983,1.8756472242224738,100.0,Cyclicals,P/E (normalized needed),41.097663770825065,,,1.6800594129454787,35.21263894845432,,"primary_multiple, fcf_yield, growth","primary_multiple, fcf_yield, growth",100.0,COMPLETE,Cyclical earnings require normalization,37.67989056087551,100.0,41.097663770825065,,59.52170454774578,81656400000.0,766235400000.0,173827000000.0,185212900000.0,56380900000.0,Cyclicals,P/E,41.097663770825065,25.0,9981.999999999998,14259.999999999996,18537.999999999996,-12.500000000000014,24.99999999999997,62.49999999999997,Research scenario — not intrinsic value,1.9999999999999956,76.11111111111111,RECOVERING,59.83991021757541,37.16849330773499,58.026196864788176,94.83294341834551,72.08333333333329,70.6435621314263,WATCH — NEED MORE EVIDENCE,WATCHLIST,Cyclical earnings require normalization | TURNAROUND NOT YET CONFIRMED,"Interesting signals exist, but the current evidence does not provide enough edge for capital deployment.",MEDIUM,Confirm revenue/earnings and margin improvement across the next reported periods,earnings/margins fail to improve or normalized earnings deteriorate
2026-09-05,ADANIPORTS,Adani Ports and SEZ,Infrastructure,ADANIPORTS.NS,3933549363200.0,1707.3,57.88627906976745,69.5093023255814,EARLY,40.372093023255815,84.33488372093024,70.7,24.0,27.10533405216613,15.45124505175206,62.26108323133889,24026100000.000015,2.2160566941404634,,18.16973833003992,29409600000.000015,5957760000.000002,-5.402260492141931,15.861256401605505,0.6578513669138094,1.5895608458708705,100.0,General,P/E,30.71595236373603,,,1.2802534136506143,,,"primary_multiple, fcf_yield","primary_multiple, fcf_yield",100.0,COMPLETE,,42.21395348837209,100.0,30.71595236373603,,78.10953591980842,128062100000.0,961253000000.0,241173100000.0,559264000000.0,50359400000.0,General,P/E,30.71595236373603,15.45124505175206,1478.324330076422,1971.0991067685625,2463.873883460703,-13.41156621118597,15.45124505175204,44.31405631469002,Research scenario — not intrinsic value,1.1520835679031183,41.66666666666667,WEAK,59.49515116279071,37.16849330773499,57.70901853438625,89.0358105514365,63.96303908208324,63.74162915172611,WATCH — NEED MORE EVIDENCE,WATCHLIST,NONE,"Interesting signals exist, but the current evidence does not provide enough edge for capital deployment.",MEDIUM,Confirm revenue/earnings and margin improvement across the next reported periods,the expected fundamental improvement reverses
2026-09-05,SUNPHARMA,Sun Pharmaceutical Industries,Healthcare,SUNPHARMA.NS,4556336922624.0,1899.0,60.874435215946846,66.7501661129568,EARLY,54.56976744186046,57.31395348837209,62.0,74.0,11.873004587706859,5.035940942662842,31.59671117076213,9318040000.000034,0.8955120558066403,66699659999.99994,-11.746016405523275,25965180000.000008,19723560000.000008,5.4250793859263124,33.80560295281071,0.05537052790059219,1.0818647632023222,100.0,General,P/E,39.69135132806361,,,1.933529093569845,,,"primary_multiple, fcf_yield","primary_multiple, fcf_yield",100.0,COMPLETE,,42.9953488372093,100.0,39.69135132806361,,51.71890111845772,114794200000.0,835700900000.0,183956400000.0,-291541400000.0,88098100000.0,General,P/E,39.69135132806361,5.035940942662842,1495.9743888758755,1994.6325185011674,2493.290648126459,-21.22304429300287,5.035940942662847,31.294926178328552,Research scenario — not intrinsic value,0.23728645490897698,37.77777777777778,WEAK,57.95972563676633,37.16849330773499,56.296427050443825,99.07715786832347,52.786930908941315,64.13655013887032,WATCH — NEED MORE EVIDENCE,WATCHLIST,NONE,"Interesting signals exist, but the current evidence does not provide enough edge for capital deployment.",MEDIUM,Confirm revenue/earnings and margin improvement across the next reported periods,the expected fundamental improvement reverses
2026-09-05,BEL,Bharat Electronics,Defence,BEL.NS,2963018874880.0,405.35,53.849143331751314,61.49724727100143,WATCH,64.32790697674419,66.24418604651163,29.2,40.0,15.915223663663136,13.916533870531289,32.15024217742113,9636480000.000004,2.014201179678677,4458480000.000011,173.1617842522197,9558880000.000004,8696739999.999998,-0.8911471025836559,55.69196955249931,0.0027288291672068602,0.25426756845925436,100.0,General,P/E,48.87856936456615,,,0.18764983399659174,,,"primary_multiple, fcf_yield","primary_multiple, fcf_yield",100.0,COMPLETE,,20.911627906976744,100.0,48.87856936456615,,532.9074791604468,60620000000.0,239883100000.0,86151300000.0,-85190600000.0,5560100000.0,General,P/E,48.87856936456615,13.916533870531289,346.3205025331489,461.76067004419855,577.2008375552482,-14.562599597101539,13.916533870531268,42.39566733816409,Research scenario — not intrinsic value,0.9556352749890301,71.1111111111111,RECOVERING,55.704268351526665,37.16849330773499,54.22140634802333,87.52564565486746,61.90521209514419,61.91764818255335,LOW PRIORITY,NO PRIORITY,WEAK CFO/PAT | TURNAROUND NOT YET CONFIRMED,The stock is not currently a high-priority opportunity under the screening framework.,HIGH,Confirm revenue/earnings and margin improvement across the next reported periods | Confirm operating cash flow catches up with reported profit,cash conversion remains weak or earnings/margins fail to improve
2026-09-05,HCLTECH,HCL Technologies,IT,HCLTECH.NS,3499638652928.0,1293.4,63.98364499288087,50.59924062648315,WATCH,69.78139534883721,41.63720930232558,67.39999999999999,94.0,11.181923027636586,-4.301322599194934,20.996742070322107,3788000000.0000076,-1.1650577075276491,37524000000.00002,-10.269080454606716,8238000000.000046,9314000000.000027,16.734088825821015,54.91007736360897,0.06938069580256769,1.2002764090854465,100.0,IT,P/E,21.02895477062853,,,5.301404470566551,,,"primary_multiple, fcf_yield","primary_multiple, fcf_yield",100.0,COMPLETE,,65.56497948016415,100.0,21.02895477062853,,18.862925957678,166420000000.0,751650000000.0,273260000000.0,-254000000000.0,185530000000.0,IT,P/E,21.02895477062853,-4.301322599194934,928.3250201265096,1237.766693502013,1547.208366877516,-28.225991949396203,-4.301322599194918,19.623346751006338,Research scenario — not intrinsic value,-0.15238871345624863,54.166666666666664,WATCH,55.38687601552249,37.16849330773499,53.92940539889949,98.84365506995721,46.65310523289247,68.02375783222045,LOW PRIORITY,NO PRIORITY,TURNAROUND NOT YET CONFIRMED,The stock is not currently a high-priority opportunity under the screening framework.,LOW,Confirm revenue/earnings and margin improvement across the next reported periods,earnings/margins fail to improve
2026-09-05,ETERNAL,Eternal,Consumer Tech,ETERNAL.NS,2971040743424.0,322.75,52.279299952539155,60.56160417655435,WATCH,42.83953488372093,43.96511627906977,36.9,100.0,168.55703206046533,-30.55028462998103,4.7825767051725405,4996000000.000001,4.710215752252618,-25502000000.000004,105.1948051948052,6580000000.000001,1430000000.000001,28.075396825396815,9.634625361298452,0.14822466107165913,1.726775956284153,100.0,Consumer,P/E,811.7597659628416,,,-0.37663569659108725,168.55703206046533,,"primary_multiple, fcf_yield, growth","primary_multiple, fcf_yield, growth",100.0,COMPLETE,Very high P/E; earnings denominator may be temporarily depressed | Extreme growth rate; likely base-effect distortion,17.582724252491694,100.0,811.7597659628416,,-265.50855615942805,3660000000.0,309800000000.0,26000000000.0,-39940000000.0,-11190000000.0,Consumer,P/E,811.7597659628416,-10.0,246.90375,290.475,334.04625,-23.5,-10.0,3.499999999999986,Research scenario — not intrinsic value,-0.425531914893617,68.88888888888889,RECOVERING,54.12151926119285,37.16849330773499,52.76527718491622,97.529588982139,47.025,60.24174387967197,LOW PRIORITY,NO PRIORITY,Very high P/E; earnings denominator may be temporarily depressed | Extreme growth rate; likely base-effect distortion | TURNAROUND NOT YET CONFIRMED,The stock is not currently a high-priority opportunity under the screening framework.,LOW,Confirm revenue/earnings and margin improvement across the next reported periods,earnings/margins fail to improve
2026-09-05,PIDILITIND,Pidilite Industries,Chemicals,PIDILITIND.NS,1658634895360.0,1629.5,59.54831276696724,56.3703369719981,WATCH,68.53488372093022,57.72325581395349,43.6,68.0,11.13974440836003,17.949755326937144,25.86291496406497,4008960000.000002,2.9347072029314383,11293900000.000004,23.695132137687345,5958320000.000003,5395899999.999999,4.470611363957588,53.507265333977884,0.03851582831510215,1.1549785211440144,100.0,Cyclicals,P/E (normalized needed),67.72923963869788,,,1.3479036322305005,17.949755326937144,,"primary_multiple, fcf_yield, growth","primary_multiple, fcf_yield, growth",100.0,COMPLETE,Cyclical earnings require normalization,20.78248974008208,100.0,67.72923963869788,,74.18928001145065,24489200000.0,108321700000.0,37633800000.0,-37987700000.0,22356800000.0,Cyclicals,P/E,67.72923963869788,17.949755326937144,1345.3938841367085,1921.9912630524407,2498.5886419681733,-17.435171271144,17.94975532693715,53.334681925018316,Research scenario — not intrinsic value,1.0295141382777702,72.77777777777777,RECOVERING,53.969972377323025,37.16849330773499,52.62585405175598,99.35806952808163,62.29981259217893,66.56819682569115,LOW PRIORITY,NO PRIORITY,Cyclical earnings require normalization | TURNAROUND NOT YET CONFIRMED,The stock is not currently a high-priority opportunity under the screening framework.,LOW,Confirm revenue/earnings and margin improvement across the next reported periods,earnings/margins fail to improve or normalized earnings deteriorate
2026-09-05,WIPRO,Wipro,IT,WIPRO.NS,1745083826176.0,176.4,47.34843616516374,49.08785002373042,WEAK,54.609302325581396,31.267441860465116,62.699999999999996,38.0,3.968642382173204,0.47200694306988034,22.71959751252375,3209199999.999998,0.16219991605844042,26411000000.00003,-11.869488744348565,8843999999.999983,9441800000.000011,-1.6349016119281523,38.63707718492325,0.2291815380723044,1.1314046706169396,100.0,IT,P/E,13.222936534287056,,,7.662268023708932,,,"primary_multiple, fcf_yield","primary_multiple, fcf_yield",100.0,COMPLETE,,78.18331053351572,100.0,13.222936534287056,,13.050966070434438,131974000000.0,885368000000.0,210438000000.0,-340715000000.0,133713000000.0,IT,P/E,13.222936534287056,0.47200694306988034,132.92446518568144,177.23262024757526,221.54077530946904,-24.645994792697607,0.47200694306988566,25.59000867883732,Research scenario — not intrinsic value,0.019151466477211835,54.166666666666664,WATCH,53.953079517853645,37.16849330773499,52.61031262104415,96.18030769879492,49.10777982792798,67.2358906034758,AVOID / NO EDGE,AVOID,NONE,The current turnaround/valuation evidence does not justify taking capital risk.,LOW,Revalidate the thesis at the next quarterly results,the expected fundamental improvement reverses
2026-09-05,ASIANPAINT,Asian Paints,Consumer,ASIANPAINT.NS,2422781771776.0,2527.3,53.43415045087802,54.29615567157094,WATCH,72.08837209302325,46.472093023255816,61.8,16.0,5.10341955991942,17.945970119136234,20.89902056503915,4461600000.000008,1.5666917298358274,8997679999.999994,60.222515574281864,14938280000.000002,13439419999.99999,-6.938747880194873,44.480228614134596,0.18383891886378131,1.6387529332886357,100.0,Consumer,P/E,56.01354276014658,,,2.31174762219477,5.10341955991942,,"primary_multiple, fcf_yield, growth","primary_multiple, fcf_yield, growth",100.0,COMPLETE,,32.07475083056478,100.0,56.01354276014658,,43.25731712229908,43253500000.0,213715900000.0,74277000000.0,-46727100000.0,56008600000.0,Consumer,P/E,56.01354276014658,17.945970119136234,2533.7212273977907,2980.84850282093,3427.9757782440693,0.25407460126581327,17.945970119136234,35.63786563700663,Research scenario — not intrinsic value,,60.27777777777778,WATCH,51.73088747824711,37.16849330773499,50.56589594460614,96.93601801893698,71.53784327680566,67.67780386026347,LOW PRIORITY,NO PRIORITY,TURNAROUND NOT YET CONFIRMED,The stock is not currently a high-priority opportunity under the screening framework.,LOW,Confirm revenue/earnings and margin improvement across the next reported periods,earnings/margins fail to improve
2026-09-05,BAJFINANCE,Bajaj Finance,Financials,BAJFINANCE.NS,6597278433280.0,1060.5,42.77622448979591,43.41224489795918,WEAK,23.4,70.69999999999999,2.7,88.0,19.734727240422224,14.302174203110752,,25665500000.00003,,-632887500000.0,-2.9529304793334377,-98815379999.99994,-99058420000.00006,13.235609428845251,,3.095173186576516,-3.4594547411605903,83.33333333333334,Financials,P/B,5.787136094047124,0.16682064459852375,,,,,"primary_multiple, roe","primary_multiple, roe",100.0,COMPLETE,,90.4,100.0,,,,190173900000.0,1139990200000.0,,3488305300000.0,-667509000000.0,Financials,P/B,2.4682064459852375,14.302174203110752,339.2264619446018,452.30194925946904,565.3774365743363,-68.01259199013656,-57.35012265351541,-46.68765331689426,Research scenario — not intrinsic value,-0.8432280108047131,50.55555555555555,WATCH,51.43650170068027,37.16849330773499,50.29506102924464,27.777777777777782,22.445592803452204,40.83514542860808,HIGH DOWNSIDE RISK,AVOID / WAIT,HIGH DEBT/EQUITY | WEAK CFO/PAT | BEAR DOWNSIDE >30%,"The modeled Bear case implies severe downside; wait for better valuation, stronger evidence, or a change in the thesis.",HIGH,Confirm operating cash flow catches up with reported profit | Confirm debt reduction and improving interest coverage | Reassess entry valuation and downside protection,cash conversion remains weak or leverage fails to improve
2026-09-05,COALINDIA,Coal India,Energy,COALINDIA.NS,2559689359360.0,415.35,53.542187944945425,40.9218794494542,WEAK,75.66744186046512,30.27906976744186,73.4,30.0,0.07317089890881423,-12.42470944167401,31.80549738518772,1117259999.9999962,-1.1756641002564017,27069239999.999977,42.920074478534495,5654919999.9999695,11950399999.999954,-4.0139727197534665,72.48201980696969,0.11815277650435477,1.389792145117319,100.0,Utilities,EV/EBITDA,3.9654783819716095,,,11.999487315788846,,-0.3868694918857486,"primary_multiple, fcf_yield, leverage","primary_multiple, fcf_yield, leverage",100.0,COMPLETE,,88.91860465116278,100.0,,,8.333689379247117,310942900000.0,1191015600000.0,529298500000.0,-460767600000.0,307149600000.0,Utilities,EV/EBITDA,3.9654783819716095,-10.0,347.4327293681796,415.59920777746186,483.7656861867441,-16.35181669238483,0.05999946489991714,16.471815622184693,Research scenario — not intrinsic value,0.0036692843387768266,38.611111111111114,WEAK,49.66781925328271,37.16849330773499,48.66787317763889,98.03078705826074,51.81482593285964,69.45159726660722,AVOID / NO EDGE,AVOID,NONE,The current turnaround/valuation evidence does not justify taking capital risk.,LOW,Revalidate the thesis at the next quarterly results,the expected fundamental improvement reverses
2026-09-05,TRENT,Trent,Retail,TRENT.NS,1521311678464.0,2853.0,53.48522781205505,56.79762695775985,WATCH,66.14186046511628,54.41162790697675,44.8,36.0,17.63920463300328,11.180433433329885,18.975965372484083,4980240000.000002,1.7495461368850984,9861960000.000002,60.61292070564153,7667119999.999996,3691800000.000001,-1.657995106584198,43.71280625365554,0.36669539620999103,1.5512575233332364,100.0,Consumer,P/E,88.46635527368942,,,0.5947302007919282,17.63920463300328,,"primary_multiple, fcf_yield, growth","primary_multiple, fcf_yield, growth",100.0,COMPLETE,,17.495348837209303,100.0,88.46635527368942,,168.14347054654775,17196500000.0,69846800000.0,37667500000.0,16323600000.0,9047700000.0,Consumer,P/E,88.46635527368942,11.180433433329885,2696.1811009749663,3171.9777658529015,3647.7744307308362,-5.496631581669604,11.180433433329881,27.857498448329338,Research scenario — not intrinsic value,2.034051812862055,40.0,WEAK,47.88578132415758,37.16849330773499,47.02839828284377,93.88841006316682,71.65212188799522,62.585064653725254,LOW PRIORITY,NO PRIORITY,TURNAROUND NOT YET CONFIRMED,The stock is not currently a high-priority opportunity under the screening framework.,LOW,Confirm revenue/earnings and margin improvement across the next reported periods,earnings/margins fail to improve
2026-09-05,TITAN,Titan Company,Consumer,TITAN.NS,4454307856384.0,5020.0,54.32763407688657,48.586805885144756,WEAK,27.204651162790697,66.83023255813953,51.0,96.0,44.78921357258947,52.02277494755769,10.08762384743142,7609999999.999998,-0.8581896320966731,-69892000000.0,-1133.271719038817,21351999999.999996,19077999999.999996,17.578426236205114,20.75702939027552,1.9500095523148444,1.1019120835797358,100.0,Consumer,P/E,87.80421558020895,,,1.0524642999879472,44.78921357258947,,"primary_multiple, fcf_yield, growth","primary_multiple, fcf_yield, growth",100.0,COMPLETE,,25.306644518272424,100.0,87.80421558020895,,95.01509932559726,50730000000.0,157030000000.0,88070000000.0,267260000000.0,46880000000.0,Consumer,P/E,87.80421558020895,25.0,5333.749999999999,6275.0,7216.249999999999,6.249999999999972,25.0,43.74999999999997,Research scenario — not intrinsic value,,60.27777777777778,WATCH,47.709551692770134,37.16849330773499,46.866267021967325,67.49984079475259,73.125,58.36254647086415,LOW PRIORITY,NO PRIORITY,HIGH DEBT/EQUITY,The stock is not currently a high-priority opportunity under the screening framework.,HIGH,Confirm debt reduction and improving interest coverage,leverage fails to improve
2026-09-05,NTPC,NTPC,Utilities,NTPC.NS,3224141561856.0,332.5,46.17518509729473,47.720455624110116,WEAK,33.086046511627906,55.90930232558139,63.5,32.0,-1.197865728840175,15.49820129909496,33.24905047282217,35338739999.999985,1.610042177342129,-152300299999.99976,0.8199400093170883,-5777179999.999977,-61663560000.0,-3.449636271040657,13.080891847629289,1.3338436634662014,1.8815921769949713,100.0,Utilities,EV/EBITDA,9.593610811729274,,,2.1252261628535876,,1.3020993113988502,"primary_multiple, fcf_yield, leverage","primary_multiple, fcf_yield, leverage",100.0,COMPLETE,,75.11627906976744,100.0,,,47.05381561166545,270525200000.0,2031756700000.0,611833300000.0,2645549000000.0,68520300000.0,Utilities,EV/EBITDA,9.593610811729274,15.49820129909496,205.63300498462306,325.2489500946941,444.8648952047653,-38.15548722266976,-2.1807668888138068,33.79395344504218,Research scenario — not intrinsic value,-0.057154738349616,20.833333333333332,WEAK,47.564970218319885,37.16849330773499,46.733252065473096,77.76927227556331,43.654906922082475,56.379986036969015,AVOID / NO EDGE,AVOID,HIGH DEBT/EQUITY | BEAR DOWNSIDE >30%,The current turnaround/valuation evidence does not justify taking capital risk.,HIGH,Confirm debt reduction and improving interest coverage | Reassess entry valuation and downside protection,leverage fails to improve
2026-09-05,AXISBANK,Axis Bank,Financials,AXISBANK.NS,3963161149440.0,1273.0,28.311836734693877,42.21836734693878,WEAK,28.3,45.6,6.0,20.0,4.014464440245846,-5.953496528796354,,58927780000.00009,,-386411740000.0,-119.45920212114002,-222722659999.99994,-225884719999.99988,-6.893099900397093,,1.304486076359073,-0.3273359522604828,83.33333333333334,Financials,P/B,1.8430277391321939,0.12270005838574913,,,,,"primary_multiple, roe","primary_multiple, roe",100.0,COMPLETE,,79.25714285714285,100.0,,,,263848500000.0,2150353500000.0,,1624695300000.0,-108467100000.0,Financials,P/B,2.0270005838574914,-5.953496528796354,1050.054085647774,1400.072114197032,1750.09014274629,-17.513426107794658,9.982098522940447,37.47762315367558,Research scenario — not intrinsic value,0.5699683466559258,50.55555555555555,WATCH,46.93878231292517,37.16849330773499,46.15715919250996,50.580743967451845,57.41606200763964,52.57756585186328,AVOID / NO EDGE,AVOID,HIGH DEBT/EQUITY | WEAK CFO/PAT,The current turnaround/valuation evidence does not justify taking capital risk.,HIGH,Confirm operating cash flow catches up with reported profit | Confirm debt reduction and improving interest coverage,cash conversion remains weak or leverage fails to improve
2026-09-05,LT,Larsen & Toubro,Capital Goods,LT.NS,5454071070720.0,3964.1,39.828744660654955,50.5327954437589,WATCH,30.951162790697673,46.760465116279065,49.5,26.0,11.807835807318124,6.96197607119986,11.669426626119945,18497080000.000015,-0.45295269943733407,80132719999.99995,82.93443043922481,-5914099999.999985,-8771100000.000008,-4.933083521180359,20.9705634617279,1.1482959983456829,1.0408468296734827,100.0,Manufacturing,EV/EBITDA,17.91754407022548,,20.9705634617279,2.1876832636185046,,,"primary_multiple, roce, fcf_yield","primary_multiple, roce, fcf_yield",100.0,COMPLETE,,51.24547803617571,100.0,,,45.71045619949412,160839900000.0,1092898000000.0,331674500000.0,488721400000.0,119317800000.0,Manufacturing,EV/EBITDA,17.91754407022548,6.96197607119986,3508.251627858945,4474.11703100587,5439.982434152795,-11.499416567217153,12.865897202539543,37.231210972296225,Research scenario — not intrinsic value,1.118830431729727,35.27777777777778,WEAK,46.74583756525866,37.16849330773499,45.97965002465677,80.86173336090529,63.82890061691024,59.26308101018827,LOW PRIORITY,NO PRIORITY,HIGH DEBT/EQUITY | TURNAROUND NOT YET CONFIRMED,The stock is not currently a high-priority opportunity under the screening framework.,HIGH,Confirm revenue/earnings and margin improvement across the next reported periods | Confirm debt reduction and improving interest coverage,leverage fails to improve or earnings/margins fail to improve
2026-09-05,HINDUNILVR,Hindustan Unilever,FMCG,HINDUNILVR.NS,4636683534336.0,1973.4,49.26771713336497,51.558566682486955,WATCH,52.216279069767445,62.42790697674418,55.199999999999996,12.0,5.266372806365882,41.233918677810124,24.556561015008704,18936000000.00002,-0.25388707551632,2498000000.0000057,-7.462560996129897,11198000000.000015,10117999999.999985,-7.54267504965992,37.453058100318124,0.030325413435101974,0.7313164893617021,100.0,Consumer,P/E,30.829012861276595,,,2.078640892488734,5.266372806365882,,"primary_multiple, fcf_yield, growth","primary_multiple, fcf_yield, growth",100.0,COMPLETE,,45.09202657807309,100.0,30.829012861276595,,48.10835789931521,150400000000.0,487380000000.0,156580000000.0,-69310000000.0,96380000000.0,Consumer,P/E,30.829012861276595,25.0,2096.7375,2466.75,2836.7625,6.25,25.0,43.74999999999997,Research scenario — not intrinsic value,,22.22222222222222,WEAK,45.84450656541687,37.16849330773499,45.15042550480232,95.01651793211,73.125,65.02081382395768,LOW PRIORITY,NO PRIORITY,WEAK CFO/PAT | TURNAROUND NOT YET CONFIRMED,The stock is not currently a high-priority opportunity under the screening framework.,HIGH,Confirm revenue/earnings and margin improvement across the next reported periods | Confirm operating cash flow catches up with reported profit,cash conversion remains weak or earnings/margins fail to improve
2026-09-05,CUMMINSIND,Cummins India,Capital Goods,CUMMINSIND.NS,1395701972992.0,5035.0,47.832313716184146,46.33825344091125,WEAK,68.92093023255813,66.64883720930231,27.8,2.0,16.933646729110976,18.09104273128195,27.603217813289504,3975680000.0,1.8115240678185538,5613140000.0,3.0708609940627296,2863899999.999999,2381020000.000002,-11.769872395186043,72.05857294529376,0.004307883273000156,0.7343114216153276,100.0,Manufacturing,EV/EBITDA,41.131473695456435,,72.05857294529376,1.0622253379937707,,,"primary_multiple, roce, fcf_yield","primary_multiple, roce, fcf_yield",100.0,COMPLETE,,42.19741602067184,100.0,,,94.14198327152542,23617500000.0,84751600000.0,32985100000.0,-38976200000.0,14825500000.0,Manufacturing,EV/EBITDA,41.131473695456435,18.09104273128195,4719.160762238219,5863.7992565908635,7008.437750943508,-6.27287463280598,16.460759813125406,39.194394259056764,Research scenario — not intrinsic value,2.624117454386648,35.27777777777778,WEAK,44.28216551969625,37.16849330773499,43.71307174273935,95.50005897237213,76.50228119904878,66.66624989516676,LOW PRIORITY,NO PRIORITY,WEAK CFO/PAT,The stock is not currently a high-priority opportunity under the screening framework.,HIGH,Confirm operating cash flow catches up with reported profit,cash conversion remains weak
2026-09-05,TATASTEEL,Tata Steel,Metals,TATASTEEL.NS,2355025936384.0,188.79,48.98656383483627,32.6656383483626,WEAK,46.91162790697675,42.18604651162791,84.5,28.000000000000004,6.204158958422634,215.56317625149467,15.238278358478857,-7582020000.000011,-0.49727352085844023,-39527600000.00011,51.5476553727745,47851699999.999954,41113300000.0,-4.303530791614662,19.231313239753415,0.9042165499549025,3.248553113943377,100.0,Cyclicals,P/E (normalized needed),21.81817954435249,,,8.707084573125687,215.56317625149467,,"primary_multiple, fcf_yield, growth","primary_multiple, fcf_yield, growth",100.0,COMPLETE,Cyclical earnings require normalization | Extreme growth rate; likely base-effect distortion,66.16142270861833,100.0,21.81817954435249,,11.484900503740231,107938700000.0,1021676500000.0,350927600000.0,803095400000.0,205054100000.0,Cyclicals,P/E,21.81817954435249,25.0,165.19125,235.9875,306.78375,-12.5,25.00000000000003,62.5,Research scenario — not intrinsic value,2.000000000000002,43.611111111111114,WEAK,41.77996573978429,37.16849330773499,41.411047945220346,84.92972416741829,72.08333333333334,66.99148434157487,LOW PRIORITY,NO PRIORITY,Cyclical earnings require normalization | Extreme growth rate; likely base-effect distortion,The stock is not currently a high-priority opportunity under the screening framework.,LOW,Revalidate the thesis at the next quarterly results,normalized earnings deteriorate
2026-09-05,APOLLOHOSP,Apollo Hospitals Enterprise,Healthcare,APOLLOHOSP.NS,1243737227264.0,8650.0,50.523431419079266,44.93198860939725,WEAK,46.937209302325584,56.51627906976744,42.6,62.0,15.719548281901075,34.290061553357766,15.628286753430269,3395800000.000001,0.8457194137144959,-13587399999.999994,33.668788616363976,5482800000.000002,3300600000.0000014,2.2621411759245813,24.155839320948587,0.8958133353023702,1.4707215326775507,100.0,General,P/E,64.05403652799093,,,0.7185601430986999,,,"primary_multiple, fcf_yield","primary_multiple, fcf_yield",100.0,COMPLETE,,21.693023255813955,100.0,64.05403652799093,,139.16719562090185,19417000000.0,94801000000.0,38931000000.0,66365000000.0,8937000000.0,General,P/E,64.05403652799093,25.0,8109.374999999998,10812.499999999998,13515.624999999998,-6.250000000000028,24.99999999999997,56.24999999999997,Research scenario — not intrinsic value,3.9999999999999774,37.77777777777778,WEAK,41.21172860306913,37.16849330773499,40.8882697794424,85.06977774496049,80.93749999999997,62.223978967886644,LOW PRIORITY,NO PRIORITY,NONE,The stock is not currently a high-priority opportunity under the screening framework.,LOW,Revalidate the thesis at the next quarterly results,the expected fundamental improvement reverses
2026-09-05,TECHM,Tech Mahindra,IT,TECHM.NS,1414690766848.0,1596.9,53.11618177503559,28.695538680588513,WEAK,61.662790697674424,32.75116279069768,48.8,92.0,7.222537805515561,13.157709043866861,15.474853648834646,-3868999999.999995,-1.225684335744867,6982599999.999998,6.676806609399044,3581399999.9999914,4464199999.9999895,14.92697126369984,37.61149207951711,0.07381970191184316,1.2829200357521462,100.0,IT,P/E,29.405948301731485,,,3.871022649141525,,,"primary_multiple, fcf_yield","primary_multiple, fcf_yield",100.0,COMPLETE,,55.72640218878249,100.0,29.405948301731485,,25.83296690919051,48109000000.0,296154000000.0,87921000000.0,-62393000000.0,54763000000.0,IT,P/E,29.405948301731485,13.157709043866861,1355.2615917911326,1807.0154557215099,2258.7693196518876,-15.13171821709986,13.15770904386686,41.44713630483358,Research scenario — not intrinsic value,0.8695449422919972,54.166666666666664,WATCH,40.23393386889639,37.16849330773499,39.98869862400348,98.7696716348026,60.96134944083174,68.47271777727485,LOW PRIORITY,NO PRIORITY,NONE,The stock is not currently a high-priority opportunity under the screening framework.,LOW,Revalidate the thesis at the next quarterly results,the expected fundamental improvement reverses
2026-09-05,INDUSINDBK,IndusInd Bank,Financials,INDUSINDBK.NS,785763270656.0,1008.5,35.51642857142857,30.314285714285717,WEAK,44.2,12.1,19.5,82.0,-5.1653292157315285,-65.46976556372644,,-13413111199.999992,,20424806599.999985,-94.56776700436532,-16664378799.99997,-17145672399.999939,8.244044723735788,,0.6508887677361896,1.1164373580407942,83.33333333333334,Financials,P/B,1.1952657770394792,0.013528217795988853,,,,,"primary_multiple, roe","primary_multiple, roe",100.0,COMPLETE,,65.71428571428571,100.0,,,,8893400000.0,657396276000.0,,-211199441000.0,3009830000.0,Financials,P/B,0.9352821779598885,-10.0,591.8550258391984,789.1400344522646,986.4250430653308,-41.31333407643049,-21.75111210190734,-2.1888901273841554,Research scenario — not intrinsic value,-0.5264913275134693,50.55555555555555,WATCH,39.44079761904762,37.16849330773499,39.25901327414261,83.59629831550795,38.14633285032018,56.714060071031874,AVOID / NO EDGE,AVOID,BEAR DOWNSIDE >30%,The current turnaround/valuation evidence does not justify taking capital risk.,HIGH,Reassess entry valuation and downside protection,the expected fundamental improvement reverses
2026-09-05,ADANIENT,Adani Enterprises,Infrastructure,ADANIENT.NS,4180695842816.0,2938.0,32.0644328429046,43.98386331276696,WEAK,13.925581395348837,56.753488372093024,12.0,46.0,2.615813887227536,31.560360614171003,25.983528781447777,19785519999.999985,6.08816542316614,-137913000000.00012,-47.77625135716027,-49480020000.000015,-109031160000.00003,-0.15293118096856295,14.674677338199338,1.3175228712174525,0.2523601446334749,100.0,General,P/E,44.76373758699369,,,-7.4179541315569715,,,"primary_multiple, fcf_yield","primary_multiple, fcf_yield",100.0,COMPLETE,,19.590697674418607,100.0,44.76373758699369,,-13.480805923911904,93394700000.0,809259500000.0,260529100000.0,966105600000.0,-310122100000.0,General,P/E,44.76373758699369,25.0,2754.375,3672.5,4590.625,-6.25,25.0,56.25,Research scenario — not intrinsic value,4.0,41.66666666666667,WEAK,38.18939439962031,37.16849330773499,38.10772231226949,65.58062122360037,80.9375,53.681922276732,LOW PRIORITY,NO PRIORITY,HIGH DEBT/EQUITY | WEAK CFO/PAT,The stock is not currently a high-priority opportunity under the screening framework.,HIGH,Confirm operating cash flow catches up with reported profit | Confirm debt reduction and improving interest coverage,cash conversion remains weak or leverage fails to improve
2026-09-05,DABUR,Dabur India,FMCG,DABUR.NS,675700211712.0,380.9,41.75418841955387,38.74072140484102,WEAK,65.10232558139535,37.39767441860465,42.0,4.0,5.177334534407629,7.207390686965032,23.116316515871798,901619999.9999996,0.22998442812090905,14435780000.000004,29.790864477161193,4414200000.000006,4781359999.999999,-10.091693091823695,39.88403212598509,0.11272978198733397,1.3607277985045092,100.0,Consumer,P/E,35.65643877468958,,,3.194434399437479,5.177334534407629,,"primary_multiple, fcf_yield, growth","primary_multiple, fcf_yield, growth",100.0,COMPLETE,,45.10897009966777,100.0,35.65643877468958,,31.304446263667025,18950300000.0,114195200000.0,30148300000.0,-38605300000.0,21584800000.0,Consumer,P/E,35.65643877468958,7.207390686965032,347.1000084576523,408.3529511266498,469.60589379564726,-8.873717916079741,7.207390686965056,23.288499290009796,Research scenario — not intrinsic value,0.8122176921924468,22.22222222222222,WEAK,37.67020388387914,37.16849330773499,37.630067037787605,98.12117030021109,61.43064624855553,61.90413331769443,AVOID / NO EDGE,AVOID,NONE,The current turnaround/valuation evidence does not justify taking capital risk.,LOW,Revalidate the thesis at the next quarterly results,the expected fundamental improvement reverses
2026-09-05,ABB,ABB India,Capital Goods,ABB.NS,1570240987136.0,7410.0,50.91086378737542,34.89235880398671,WEAK,73.5,31.246511627906976,24.8,84.0,8.087993798639449,-10.866405932764845,18.329899305948878,1348940000.0000029,-0.5699795049273728,7174099999.999996,-8.431446163087553,1949640000.0000005,1723420000.000001,8.302400437443591,114.42017352750067,0.010824414017884148,0.7310071571577572,100.0,Manufacturing,EV/EBITDA,63.16909911794426,,114.42017352750067,0.623827812434474,,,"primary_multiple, roce, fcf_yield","primary_multiple, roce, fcf_yield",100.0,COMPLETE,Very high EV/EBITDA; investigate earnings/capital-cycle normalization,36.38139534883721,100.0,,,160.3006438743926,16682600000.0,78359900000.0,23948600000.0,-57429500000.0,9795600000.0,Manufacturing,EV/EBITDA,63.16909911794426,-10.0,6444.1229913626885,7987.400986841416,9530.678982320143,-13.034777444498133,7.792186057239078,28.61914955897629,Research scenario — not intrinsic value,0.5977997008708494,35.27777777777778,WEAK,37.57630287929125,37.16849330773499,37.54367811356675,95.33637905233122,58.67640109644344,61.75005530340665,AVOID / NO EDGE,AVOID,WEAK CFO/PAT | Very high EV/EBITDA; investigate earnings/capital-cycle normalization,The current turnaround/valuation evidence does not justify taking capital risk.,HIGH,Confirm operating cash flow catches up with reported profit,cash conversion remains weak
2026-09-05,CIPLA,Cipla,Healthcare,CIPLA.NS,1118883938304.0,1385.0,38.818863312766965,35.206074988134795,WEAK,51.58372093023256,23.932558139534887,31.7,50.0,2.0861361409299617,-26.42550431292816,22.93429235098978,2007340000.0000134,-0.4243241617054321,9914640000.000011,-21.27800710492349,1067339999.9999924,-6120539999.9999895,0.267860062338654,25.404035558966488,0.017825595123134183,1.0156706356673877,100.0,General,P/E,28.842938890037455,,,0.7692576240790988,,,"primary_multiple, fcf_yield","primary_multiple, fcf_yield",100.0,COMPLETE,,41.82325581395349,100.0,28.842938890037455,,129.99546168907065,38792300000.0,344319500000.0,63554800000.0,-94143500000.0,8607100000.0,General,P/E,28.842938890037455,-10.0,934.8749999999999,1246.5,1558.1249999999998,-32.5,-10.0,12.499999999999972,Research scenario — not intrinsic value,-0.3076923076923077,37.77777777777778,WEAK,37.12632577914887,37.16849330773499,37.12969918143576,99.70290674794778,43.875,58.61214233655692,AVOID / NO EDGE,AVOID,BEAR DOWNSIDE >30%,The current turnaround/valuation evidence does not justify taking capital risk.,HIGH,Reassess entry valuation and downside protection,the expected fundamental improvement reverses
2026-09-05,POWERGRID,Power Grid Corporation of India,Utilities,POWERGRID.NS,2473960669184.0,266.0,40.57678927384908,28.36207878500237,WEAK,39.11860465116279,40.1,66.39999999999999,18.0,1.5712823203000825,2.6190224618334312,89.09269943346908,2136280000.0000167,-0.057056608613633035,-94163780000.00018,12.999788525259092,5046200000.0000305,-85651000000.0,-6.895348745297126,16.139090499056284,1.5081303834665603,2.5697330792725994,100.0,Utilities,EV/EBITDA,9.879485604882113,,,1.475961216960003,,1.4590398056481564,"primary_multiple, fcf_yield, leverage","primary_multiple, fcf_yield, leverage",100.0,COMPLETE,,69.54651162790697,100.0,,,67.75245775493158,159279500000.0,1004940300000.0,398827300000.0,1466247900000.0,36514700000.0,Utilities,EV/EBITDA,9.879485604882113,2.6190224618334312,186.59523534333118,272.6567505186551,358.718265693979,-29.85141528446195,2.5025377889680698,34.85649086239812,Research scenario — not intrinsic value,0.08383313705969155,20.833333333333332,WEAK,35.242638467014714,37.16849330773499,35.39670685427234,74.86449360889067,48.17396323335408,54.963092024989216,AVOID / NO EDGE,AVOID,HIGH DEBT/EQUITY,The current turnaround/valuation evidence does not justify taking capital risk.,HIGH,Confirm debt reduction and improving interest coverage,leverage fails to improve
2026-09-05,ITC,ITC,FMCG,ITC.NS,3309115539456.0,264.1,41.2246867584243,25.824774560987183,WEAK,66.67441860465117,28.63953488372093,51.4,8.0,4.768655968682967,-40.45618236934057,38.138139712335295,-22584460000.00004,0.0807151854953796,-2224979999.999952,4.749918307327827,-2549319999.999988,-2876579999.9999733,-8.266755226652123,58.015313942829735,0.033091288739202813,0.892449637424255,100.0,Consumer,P/E,15.99420158880822,,,4.9201727186221405,4.768655968682967,,"primary_multiple, fcf_yield, growth","primary_multiple, fcf_yield, growth",100.0,COMPLETE,,62.09169435215947,100.0,15.99420158880822,,20.32448975246631,206894700000.0,725073000000.0,298290900000.0,-210914100000.0,162814200000.0,Consumer,P/E,15.99420158880822,-10.0,202.03650000000002,237.69000000000003,273.3435,-23.5,-10.0,3.499999999999986,Research scenario — not intrinsic value,-0.425531914893617,22.22222222222222,WEAK,33.03441650846385,37.16849330773499,33.365142652405545,97.65597247808421,47.025,60.6311457976218,AVOID / NO EDGE,AVOID,NONE,The current turnaround/valuation evidence does not justify taking capital risk.,LOW,Revalidate the thesis at the next quarterly results,the expected fundamental improvement reverses
2026-09-05,SIEMENS,Siemens,Capital Goods,SIEMENS.NS,1416291287040.0,3977.0,43.110415282392026,30.805315614617943,WEAK,54.74883720930232,32.82093023255814,12.5,86.0,16.243355781975932,-22.5428844879629,14.927264141164004,733800000.0,-0.14312083390564467,-2055399999.9999819,-77.35541185713423,-2924599999.9999986,-3541599999.999998,10.959604398415856,40.581797685960765,0.010984607940971907,0.17807242657542058,100.0,Manufacturing,EV/EBITDA,52.001785765432096,,40.581797685960765,-0.004024595824431571,,,"primary_multiple, roce, fcf_yield","primary_multiple, roce, fcf_yield",100.0,COMPLETE,Very high EV/EBITDA; investigate earnings/capital-cycle normalization,26.636692506459948,100.0,,,-24847.215562105263,21042000000.0,132276000000.0,25920000000.0,-68405000000.0,-57000000.0,Manufacturing,EV/EBITDA,52.001785765432096,-10.0,3711.854687127365,4591.7973960801955,5471.740105033025,-6.66696788716709,15.45882313503131,37.58461415722971,Research scenario — not intrinsic value,2.318718703413469,35.27777777777778,WEAK,32.696656423034334,37.16849330773499,33.05440337381039,86.11813031057414,74.1029211342967,60.20943798823874,LOW PRIORITY,NO PRIORITY,WEAK CFO/PAT | Very high EV/EBITDA; investigate earnings/capital-cycle normalization,The stock is not currently a high-priority opportunity under the screening framework.,HIGH,Confirm operating cash flow catches up with reported profit,cash conversion remains weak
2026-09-05,HINDALCO,Hindalco Industries,Metals,HINDALCO.NS,2244255416320.0,1011.0,28.741029900332226,26.72425249169435,WEAK,20.532558139534885,30.9953488372093,24.8,48.0,15.028140847685023,-16.311480532466717,11.232311969542478,1483999999.9999962,-0.2934456858296033,-146557999999.99997,-58.00901269971324,-36539999999.99996,-108133999999.99997,0.23415286736054863,14.377667291088606,0.7260127541494915,0.7654394742737659,100.0,Cyclicals,P/E (normalized needed),16.75943108296617,,,-8.84302199102735,-16.311480532466717,,"primary_multiple, fcf_yield, growth","primary_multiple, fcf_yield, growth",100.0,COMPLETE,Cyclical earnings require normalization,46.54445964432284,100.0,16.75943108296617,,-11.308351387282073,133910000000.0,1365830000000.0,306240000000.0,764140000000.0,-198460000000.0,Cyclicals,P/E,16.75943108296617,-10.0,636.93,909.9000000000001,1182.8700000000001,-37.0,-9.999999999999986,17.000000000000014,Research scenario — not intrinsic value,-0.2702702702702699,43.611111111111114,WEAK,32.53282896879682,37.16849330773499,32.90368211591188,83.99044533540457,42.3,53.2844928088175,AVOID / NO EDGE,AVOID,WEAK CFO/PAT | BEAR DOWNSIDE >30% | Cyclical earnings require normalization,The current turnaround/valuation evidence does not justify taking capital risk.,HIGH,Confirm operating cash flow catches up with reported profit | Reassess entry valuation and downside protection,cash conversion remains weak or normalized earnings deteriorate
2026-09-05,INFY,Infosys,IT,INFY.NS,4576838156288.0,1130.0,45.49698860939725,29.582676791646893,WEAK,74.61395348837209,33.258139534883725,26.200000000000003,44.0,4.570213207449303,4.9081697276757374,25.324933029070344,134600000.00000036,-0.060922240692523166,334200000.00000024,-7.170765341300855,233800000.00000048,238400000.00000048,-0.4317582437794343,72.91815454935009,0.0988146331493971,1.219136734077875,100.0,IT,P/E,1381.4784655261092,,,0.08156285786228486,,,"primary_multiple, fcf_yield","primary_multiple, fcf_yield",100.0,COMPLETE,Very high P/E; earnings denominator may be temporarily depressed,5.515731874145007,100.0,1381.4784655261092,,1226.0482604575407,3313000000.0,9786000000.0,5105000000.0,-2785000000.0,3733000000.0,IT,P/E,1381.4784655261092,4.9081697276757374,889.0967384420519,1185.4623179227358,1481.82789740342,-21.31887270424319,4.908169727675741,31.13521215959466,Research scenario — not intrinsic value,0.2302265131823244,54.166666666666664,WATCH,32.04738030793713,37.16849330773499,32.457069347920964,98.35308944751004,52.67757616345742,57.60232027970211,AVOID / NO EDGE,AVOID,Very high P/E; earnings denominator may be temporarily depressed,The current turnaround/valuation evidence does not justify taking capital risk.,LOW,Revalidate the thesis at the next quarterly results,the expected fundamental improvement reverses
2026-09-05,NESTLEIND,Nestle India,FMCG,NESTLEIND.NS,2719887392768.0,1410.5,54.43649264356905,30.5719031798766,WEAK,66.05348837209303,61.69302325581395,31.200000000000003,66.0,19.583454688725645,34.17959272459547,24.7555223508903,5.7220458984375e-06,8.881784197001252e-16,3.814697265625e-06,7.2001841142969925,2.86102294921875e-06,0.0,3.097433488828094,107.85584114123417,0.29096979958655533,0.9148706661387521,100.0,Consumer,P/E,84.79535703652898,,,0.34041482837189513,19.583454688725645,,"primary_multiple, fcf_yield, growth","primary_multiple, fcf_yield, growth",100.0,COMPLETE,,20.29401993355482,100.0,84.79535703652898,,293.7592362773116,32075900000.0,40102100000.0,53620100000.0,9612500000.0,9258900000.0,Consumer,P/E,84.79535703652898,25.0,1498.65625,1763.125,2027.5937499999998,6.25,25.0,43.74999999999997,Research scenario — not intrinsic value,,22.22222222222222,WEAK,31.357456968834047,37.16849330773499,31.82233987594612,93.73168110920328,73.125,61.69097810693854,LOW PRIORITY,NO PRIORITY,NONE,The stock is not currently a high-priority opportunity under the screening framework.,LOW,Revalidate the thesis at the next quarterly results,the expected fundamental improvement reverses
2026-09-05,TATACONSUM,Tata Consumer Products,FMCG,TATACONSUM.NS,999586856960.0,1010.0,37.577330327479835,29.67214048410062,WEAK,44.079069767441865,46.02558139534884,41.9,10.0,15.20526421302677,20.63638567975783,14.55826075661569,1097840000.0000014,-0.7037928682150612,-4926100000.000002,17.757032066710423,3602299999.999999,3304720000.000002,-8.215196511123168,14.474651897361479,0.1294093456210961,1.57028463982364,100.0,Consumer,P/E,64.811441156714,,,1.9740955838507626,15.20526421302677,,"primary_multiple, fcf_yield, growth","primary_multiple, fcf_yield, growth",100.0,COMPLETE,,28.782059800664452,100.0,64.811441156714,,50.65610845698533,15423000000.0,217875300000.0,29364900000.0,-15004100000.0,19732800000.0,Consumer,P/E,64.811441156714,20.63638567975783,1035.6633710607207,1218.427495365554,1401.191619670387,2.5409278277941354,20.636385679757836,38.731843531721466,Research scenario — not intrinsic value,,22.22222222222222,WEAK,29.606919118810318,37.16849330773499,30.211845053924293,97.84317757298173,72.14318677794552,61.42330537321151,LOW PRIORITY,NO PRIORITY,NONE,The stock is not currently a high-priority opportunity under the screening framework.,LOW,Revalidate the thesis at the next quarterly results,the expected fundamental improvement reverses
2026-09-05,DRREDDY,Dr Reddy's Laboratories,Healthcare,DRREDDY.NS,958769463296.0,1151.0,31.11253203607024,19.77532036070242,WEAK,48.39767441860465,22.06279069767442,41.0,6.0,3.1941265916107353,-24.21830786644029,23.564222627726362,-1058799999.9999998,-2.287305216771582,-5079200000.0,22.243042991298356,-1047000000.0000027,-7478000000.0,-9.472511072801105,21.593605935786574,0.20511426472499292,1.3245040840140023,100.0,General,P/E,22.375016646347724,,,1.911825595382046,,,"primary_multiple, fcf_yield","primary_multiple, fcf_yield",100.0,COMPLETE,,51.66511627906977,100.0,22.375016646347724,,52.306026366393894,42850000000.0,377063000000.0,79160000000.0,-10473000000.0,18330000000.0,General,P/E,22.375016646347724,-10.0,776.925,1035.8999999999999,1294.8749999999998,-32.5,-10.000000000000014,12.499999999999972,Research scenario — not intrinsic value,-0.30769230769230815,37.77777777777778,WEAK,28.959740112324,37.16849330773499,29.616440367956876,96.58142892125011,43.875,57.996028366810556,AVOID / NO EDGE,AVOID,BEAR DOWNSIDE >30%,The current turnaround/valuation evidence does not justify taking capital risk.,HIGH,Reassess entry valuation and downside protection,the expected fundamental improvement reverses
2026-09-05,GRASIM,Grasim Industries,Materials,GRASIM.NS,2253155467264.0,3322.0,27.998379212149977,22.015187470336976,WEAK,3.4930232558139536,50.75581395348837,6.300000000000001,72.0,18.172696281862798,34.02344508970015,14.738099335384147,-3605500000.0000057,-0.7326935830210939,-366052000000.00024,3.726914273400239,-7597100000.000008,-26565119999.999954,5.304120918113608,8.556985311913449,2.2020124302792543,-3.5859602777017123,100.0,General,P/E,45.36725139865659,,,-14.839588517432006,,,"primary_multiple, fcf_yield","primary_multiple, fcf_yield",100.0,COMPLETE,,16.530232558139534,100.0,45.36725139865659,,-6.738731325503426,49664800000.0,1034699200000.0,256331700000.0,1960885000000.0,-334359000000.0,General,P/E,45.36725139865659,25.0,3114.374999999999,4152.499999999999,5190.624999999999,-6.250000000000028,24.99999999999997,56.24999999999997,Research scenario — not intrinsic value,3.9999999999999774,60.55555555555556,WATCH,27.870978207562096,37.16849330773499,28.614779415575928,33.333333333333336,80.93749999999997,44.827646986485725,LOW PRIORITY,NO PRIORITY,HIGH DEBT/EQUITY | WEAK CFO/PAT,The stock is not currently a high-priority opportunity under the screening framework.,HIGH,Confirm operating cash flow catches up with reported profit | Confirm debt reduction and improving interest coverage,cash conversion remains weak or leverage fails to improve
2026-09-05,TATAMOTORS,Tata Motors,Auto,TATAMOTORS.NS,,,50.0,50.0,WATCH,50.0,50.0,50.0,50.0,,,,,,,,,,,,,,0.0,Manufacturing,EV/EBITDA,,,,,,,"primary_multiple, roce, fcf_yield",,0.0,INSUFFICIENT,"Primary valuation input unavailable | Missing: primary_multiple, roce, fcf_yield",,0.0,,,,,,,,,Manufacturing,EV/EBITDA,,,,,,,,,Insufficient EBITDA/debt/share data,,76.94444444444444,RECOVERING,,37.16849330773499,,0.0,50.0,37.05286910983119,DATA INSUFFICIENT,NO POSITION,"Primary valuation input unavailable | Missing: primary_multiple, roce, fcf_yield | TURNAROUND NOT YET CONFIRMED",The available data is insufficient for a reliable investment conclusion.,DATA,Confirm revenue/earnings and margin improvement across the next reported periods | Resolve missing valuation inputs,earnings/margins fail to improve
